Workbook

Sheet Anagrafica_Esercitazioni
A1: Esercitazione_ID | B1: Nome_Esercitazione | C1: Categoria | D1: Obiettivo
A2: 1 | B2: 4v4 + 3j | C2: possesso | D2: mantenimento pressione e transizione
A3: 2 | B3: 6vs6 con meta | C3: partita a tema | D3: transizione negativa e attacco rapido
A4: 3 | B4: navette 10-20-30 | C4: preparazione atletica | D4: lavoro intermittente metabolico
A5: 4 | B5: cerchio tecnico | C5: Attivazione | D5: riscaldamento tecnico
A6: 5 | B6: 7vs6 | C6: tecnico-tattica | D6: sviluppi di gioco - costruzione
A7: 6 | B7: 4vs4 | C7: SSG | D7: smarcamento

Sheet Storico_GPS
A1: esercitazione_ID | B1: minuti | C1: total dist. (m) | D1: z2 (m) | E1: z3 (m) | F1: n° sprint | G1: n° accel. | H1: n° decel. | I1: n° burst | J1: n° breaks
A2: 1 | B2: 15 | C2: 2553 | D2: 2 | E2: 3 | F2: 5 | G2: 8 | H2: 5 | I2: 3 | J2: 6
A3: 2 | B3: 25 | C3: 3546 | D3: 53 | E3: 34 | F3: 7 | G3: 5 | H3: 64 | I3: 3 | J3: 23
A4: 3 | B4: 30 | C4: 2443 | D4: 54 | E4: 43 | F4: 34 | G4: 22 | H4: 55 | I4: 65 | J4: 75
A5: 4 | B5: 20 | C5: 2234 | D5: 22 | E5: 234 | F5: 34 | G5: 32 | H5: 23 | I5: 53 | J5: 55
A6: 5 | B6: 10 | C6: 1000 | D6: 2 | E6: 4 | F6: 8 | G6: 9 | H6: 6 | I6: 4 | J6: 12
A7: 6 | B7: 12 | C7: 3434 | D7: 22 | E7: 23 | F7: 54 | G7: 5 | H7: 7 | I7: 5 | J7: 3

Sheet Parametri_GPS_Minuto
A1: esercitazione_ID | B1: minuti | C1: total dist. (m) | D1: z2 (m) | E1: z3 (m) | F1: n° sprint | G1: n° accel. | H1: n° decel. | I1: n° burst | J1: n° breaks
A2: 1 | B2: 1 | C2: =IFERROR(AVERAGEIF(Storico_GPS!$A$2:$A$1000, A2, Storico_GPS!$C$2:$C$1000) / AVERAGEIF(Storico_GPS!$A$2:$A$1000, A2, Storico_GPS!$B$2:$B$1000), 0) -> 170.2 | D2: =IFERROR(AVERAGEIF(Storico_GPS!$A$2:$A$1000, A2, Storico_GPS!$D$2:$D$1000) / AVERAGEIF(Storico_GPS!$A$2:$A$1000, A2, Storico_GPS!$B$2:$B$1000), 0) -> 0.13333333 | E2: =IFERROR(AVERAGEIF(Storico_GPS!$A$2:$A$1000, A2, Storico_GPS!$E$2:$E$1000) / AVERAGEIF(Storico_GPS!$A$2:$A$1000, A2, Storico_GPS!$B$2:$B$1000), 0) -> 0.2 | F2: =IFERROR(AVERAGEIF(Storico_GPS!$A$2:$A$1000, A2, Storico_GPS!$F$2:$F$1000) / AVERAGEIF(Storico_GPS!$A$2:$A$1000, A2, Storico_GPS!$B$2:$B$1000), 0) -> 0.33333333 | G2: =IFERROR(AVERAGEIF(Storico_GPS!$A$2:$A$1000, A2, Storico_GPS!$G$2:$G$1000) / AVERAGEIF(Storico_GPS!$A$2:$A$1000, A2, Storico_GPS!$B$2:$B$1000), 0) -> 0.53333333 | H2: =IFERROR(AVERAGEIF(Storico_GPS!$A$2:$A$1000, A2, Storico_GPS!$H$2:$H$1000) / AVERAGEIF(Storico_GPS!$A$2:$A$1000, A2, Storico_GPS!$B$2:$B$1000), 0) -> 0.33333333 | I2: =IFERROR(AVERAGEIF(Storico_GPS!$A$2:$A$1000, A2, Storico_GPS!$I$2:$I$1000) / AVERAGEIF(Storico_GPS!$A$2:$A$1000, A2, Storico_GPS!$B$2:$B$1000), 0) -> 0.2 | J2: =IFERROR(AVERAGEIF(Storico_GPS!$A$2:$A$1000, A2, Storico_GPS!$J$2:$J$1000) / AVERAGEIF(Storico_GPS!$A$2:$A$1000, A2, Storico_GPS!$B$2:$B$1000), 0) -> 0.4
A3: 2 | B3: 1 | C3: =IFERROR(AVERAGEIF(Storico_GPS!$A$2:$A$1000, A3, Storico_GPS!$C$2:$C$1000) / AVERAGEIF(Storico_GPS!$A$2:$A$1000, A3, Storico_GPS!$B$2:$B$1000), 0) -> 141.84 | D3: =IFERROR(AVERAGEIF(Storico_GPS!$A$2:$A$1000, A3, Storico_GPS!$D$2:$D$1000) / AVERAGEIF(Storico_GPS!$A$2:$A$1000, A3, Storico_GPS!$B$2:$B$1000), 0) -> 2.12 | E3: =IFERROR(AVERAGEIF(Storico_GPS!$A$2:$A$1000, A3, Storico_GPS!$E$2:$E$1000) / AVERAGEIF(Storico_GPS!$A$2:$A$1000, A3, Storico_GPS!$B$2:$B$1000), 0) -> 1.36 | F3: =IFERROR(AVERAGEIF(Storico_GPS!$A$2:$A$1000, A3, Storico_GPS!$F$2:$F$1000) / AVERAGEIF(Storico_GPS!$A$2:$A$1000, A3, Storico_GPS!$B$2:$B$1000), 0) -> 0.28 | G3: =IFERROR(AVERAGEIF(Storico_GPS!$A$2:$A$1000, A3, Storico_GPS!$G$2:$G$1000) / AVERAGEIF(Storico_GPS!$A$2:$A$1000, A3, Storico_GPS!$B$2:$B$1000), 0) -> 0.2 | H3: =IFERROR(AVERAGEIF(Storico_GPS!$A$2:$A$1000, A3, Storico_GPS!$H$2:$H$1000) / AVERAGEIF(Storico_GPS!$A$2:$A$1000, A3, Storico_GPS!$B$2:$B$1000), 0) -> 2.56 | I3: =IFERROR(AVERAGEIF(Storico_GPS!$A$2:$A$1000, A3, Storico_GPS!$I$2:$I$1000) / AVERAGEIF(Storico_GPS!$A$2:$A$1000, A3, Storico_GPS!$B$2:$B$1000), 0) -> 0.12 | J3: =IFERROR(AVERAGEIF(Storico_GPS!$A$2:$A$1000, A3, Storico_GPS!$J$2:$J$1000) / AVERAGEIF(Storico_GPS!$A$2:$A$1000, A3, Storico_GPS!$B$2:$B$1000), 0) -> 0.92
A4: 3 | B4: 1 | C4: =IFERROR(AVERAGEIF(Storico_GPS!$A$2:$A$1000, A4, Storico_GPS!$C$2:$C$1000) / AVERAGEIF(Storico_GPS!$A$2:$A$1000, A4, Storico_GPS!$B$2:$B$1000), 0) -> 81.433333 | D4: =IFERROR(AVERAGEIF(Storico_GPS!$A$2:$A$1000, A4, Storico_GPS!$D$2:$D$1000) / AVERAGEIF(Storico_GPS!$A$2:$A$1000, A4, Storico_GPS!$B$2:$B$1000), 0) -> 1.8 | E4: =IFERROR(AVERAGEIF(Storico_GPS!$A$2:$A$1000, A4, Storico_GPS!$E$2:$E$1000) / AVERAGEIF(Storico_GPS!$A$2:$A$1000, A4, Storico_GPS!$B$2:$B$1000), 0) -> 1.4333333 | F4: =IFERROR(AVERAGEIF(Storico_GPS!$A$2:$A$1000, A4, Storico_GPS!$F$2:$F$1000) / AVERAGEIF(Storico_GPS!$A$2:$A$1000, A4, Storico_GPS!$B$2:$B$1000), 0) -> 1.1333333 | G4: =IFERROR(AVERAGEIF(Storico_GPS!$A$2:$A$1000, A4, Storico_GPS!$G$2:$G$1000) / AVERAGEIF(Storico_GPS!$A$2:$A$1000, A4, Storico_GPS!$B$2:$B$1000), 0) -> 0.73333333 | H4: =IFERROR(AVERAGEIF(Storico_GPS!$A$2:$A$1000, A4, Storico_GPS!$H$2:$H$1000) / AVERAGEIF(Storico_GPS!$A$2:$A$1000, A4, Storico_GPS!$B$2:$B$1000), 0) -> 1.8333333 | I4: =IFERROR(AVERAGEIF(Storico_GPS!$A$2:$A$1000, A4, Storico_GPS!$I$2:$I$1000) / AVERAGEIF(Storico_GPS!$A$2:$A$1000, A4, Storico_GPS!$B$2:$B$1000), 0) -> 2.1666667 | J4: =IFERROR(AVERAGEIF(Storico_GPS!$A$2:$A$1000, A4, Storico_GPS!$J$2:$J$1000) / AVERAGEIF(Storico_GPS!$A$2:$A$1000, A4, Storico_GPS!$B$2:$B$1000), 0) -> 2.5
A5: 4 | B5: 1 | C5: =IFERROR(AVERAGEIF(Storico_GPS!$A$2:$A$1000, A5, Storico_GPS!$C$2:$C$1000) / AVERAGEIF(Storico_GPS!$A$2:$A$1000, A5, Storico_GPS!$B$2:$B$1000), 0) -> 111.7 | D5: =IFERROR(AVERAGEIF(Storico_GPS!$A$2:$A$1000, A5, Storico_GPS!$D$2:$D$1000) / AVERAGEIF(Storico_GPS!$A$2:$A$1000, A5, Storico_GPS!$B$2:$B$1000), 0) -> 1.1 | E5: =IFERROR(AVERAGEIF(Storico_GPS!$A$2:$A$1000, A5, Storico_GPS!$E$2:$E$1000) / AVERAGEIF(Storico_GPS!$A$2:$A$1000, A5, Storico_GPS!$B$2:$B$1000), 0) -> 11.7 | F5: =IFERROR(AVERAGEIF(Storico_GPS!$A$2:$A$1000, A5, Storico_GPS!$F$2:$F$1000) / AVERAGEIF(Storico_GPS!$A$2:$A$1000, A5, Storico_GPS!$B$2:$B$1000), 0) -> 1.7 | G5: =IFERROR(AVERAGEIF(Storico_GPS!$A$2:$A$1000, A5, Storico_GPS!$G$2:$G$1000) / AVERAGEIF(Storico_GPS!$A$2:$A$1000, A5, Storico_GPS!$B$2:$B$1000), 0) -> 1.6 | H5: =IFERROR(AVERAGEIF(Storico_GPS!$A$2:$A$1000, A5, Storico_GPS!$H$2:$H$1000) / AVERAGEIF(Storico_GPS!$A$2:$A$1000, A5, Storico_GPS!$B$2:$B$1000), 0) -> 1.15 | I5: =IFERROR(AVERAGEIF(Storico_GPS!$A$2:$A$1000, A5, Storico_GPS!$I$2:$I$1000) / AVERAGEIF(Storico_GPS!$A$2:$A$1000, A5, Storico_GPS!$B$2:$B$1000), 0) -> 2.65 | J5: =IFERROR(AVERAGEIF(Storico_GPS!$A$2:$A$1000, A5, Storico_GPS!$J$2:$J$1000) / AVERAGEIF(Storico_GPS!$A$2:$A$1000, A5, Storico_GPS!$B$2:$B$1000), 0) -> 2.75
A6: 5 | B6: 1 | C6: =IFERROR(AVERAGEIF(Storico_GPS!$A$2:$A$1000, A6, Storico_GPS!$C$2:$C$1000) / AVERAGEIF(Storico_GPS!$A$2:$A$1000, A6, Storico_GPS!$B$2:$B$1000), 0) -> 100 | D6: =IFERROR(AVERAGEIF(Storico_GPS!$A$2:$A$1000, A6, Storico_GPS!$D$2:$D$1000) / AVERAGEIF(Storico_GPS!$A$2:$A$1000, A6, Storico_GPS!$B$2:$B$1000), 0) -> 0.2 | E6: =IFERROR(AVERAGEIF(Storico_GPS!$A$2:$A$1000, A6, Storico_GPS!$E$2:$E$1000) / AVERAGEIF(Storico_GPS!$A$2:$A$1000, A6, Storico_GPS!$B$2:$B$1000), 0) -> 0.4 | F6: =IFERROR(AVERAGEIF(Storico_GPS!$A$2:$A$1000, A6, Storico_GPS!$F$2:$F$1000) / AVERAGEIF(Storico_GPS!$A$2:$A$1000, A6, Storico_GPS!$B$2:$B$1000), 0) -> 0.8 | G6: =IFERROR(AVERAGEIF(Storico_GPS!$A$2:$A$1000, A6, Storico_GPS!$G$2:$G$1000) / AVERAGEIF(Storico_GPS!$A$2:$A$1000, A6, Storico_GPS!$B$2:$B$1000), 0) -> 0.9 | H6: =IFERROR(AVERAGEIF(Storico_GPS!$A$2:$A$1000, A6, Storico_GPS!$H$2:$H$1000) / AVERAGEIF(Storico_GPS!$A$2:$A$1000, A6, Storico_GPS!$B$2:$B$1000), 0) -> 0.6 | I6: =IFERROR(AVERAGEIF(Storico_GPS!$A$2:$A$1000, A6, Storico_GPS!$I$2:$I$1000) / AVERAGEIF(Storico_GPS!$A$2:$A$1000, A6, Storico_GPS!$B$2:$B$1000), 0) -> 0.4 | J6: =IFERROR(AVERAGEIF(Storico_GPS!$A$2:$A$1000, A6, Storico_GPS!$J$2:$J$1000) / AVERAGEIF(Storico_GPS!$A$2:$A$1000, A6, Storico_GPS!$B$2:$B$1000), 0) -> 1.2
A7: 6 | B7: 1 | C7: =IFERROR(AVERAGEIF(Storico_GPS!$A$2:$A$1000, A7, Storico_GPS!$C$2:$C$1000) / AVERAGEIF(Storico_GPS!$A$2:$A$1000, A7, Storico_GPS!$B$2:$B$1000), 0) -> 286.16667 | D7: =IFERROR(AVERAGEIF(Storico_GPS!$A$2:$A$1000, A7, Storico_GPS!$D$2:$D$1000) / AVERAGEIF(Storico_GPS!$A$2:$A$1000, A7, Storico_GPS!$B$2:$B$1000), 0) -> 1.8333333 | E7: =IFERROR(AVERAGEIF(Storico_GPS!$A$2:$A$1000, A7, Storico_GPS!$E$2:$E$1000) / AVERAGEIF(Storico_GPS!$A$2:$A$1000, A7, Storico_GPS!$B$2:$B$1000), 0) -> 1.9166667 | F7: =IFERROR(AVERAGEIF(Storico_GPS!$A$2:$A$1000, A7, Storico_GPS!$F$2:$F$1000) / AVERAGEIF(Storico_GPS!$A$2:$A$1000, A7, Storico_GPS!$B$2:$B$1000), 0) -> 4.5 | G7: =IFERROR(AVERAGEIF(Storico_GPS!$A$2:$A$1000, A7, Storico_GPS!$G$2:$G$1000) / AVERAGEIF(Storico_GPS!$A$2:$A$1000, A7, Storico_GPS!$B$2:$B$1000), 0) -> 0.41666667 | H7: =IFERROR(AVERAGEIF(Storico_GPS!$A$2:$A$1000, A7, Storico_GPS!$H$2:$H$1000) / AVERAGEIF(Storico_GPS!$A$2:$A$1000, A7, Storico_GPS!$B$2:$B$1000), 0) -> 0.58333333 | I7: =IFERROR(AVERAGEIF(Storico_GPS!$A$2:$A$1000, A7, Storico_GPS!$I$2:$I$1000) / AVERAGEIF(Storico_GPS!$A$2:$A$1000, A7, Storico_GPS!$B$2:$B$1000), 0) -> 0.41666667 | J7: =IFERROR(AVERAGEIF(Storico_GPS!$A$2:$A$1000, A7, Storico_GPS!$J$2:$J$1000) / AVERAGEIF(Storico_GPS!$A$2:$A$1000, A7, Storico_GPS!$B$2:$B$1000), 0) -> 0.25
